ASX code,Company name,Listing date,GICs industry group,Market Cap
BHP,BHP GROUP LIMITED,1885-08-13,Materials,2.22086E+11
CBA,COMMONWEALTH BANK OF AUSTRALIA.,12/9/91,Banks,1.64013E+11
CSL,CSL LIMITED,8/6/94,"Pharmaceuticals, Biotechnology & Life Sciences",1.38681E+11
NAB,NATIONAL AUSTRALIA BANK LIMITED,31/1/62,Banks,88039540179
WBC,WESTPAC BANKING CORPORATION,18/7/70,Banks,75199519253
ANZ,ANZ GROUP HOLDINGS LIMITED,30/9/69,Banks,68626930969
MQG,MACQUARIE GROUP LIMITED,5/11/07,Financial Services,67285602871
SQ2,BLOCK INC.,20/1/22,Financial Services,65847823473
FMG,FORTESCUE METALS GROUP LTD,19/3/87,Materials,64750632226
WDS,WOODSIDE ENERGY GROUP LTD,18/11/71,Energy,62278992489
WES,WESFARMERS LIMITED,15/11/84,Consumer Discretionary Distribution & Retail,56158458345
TLS,TELSTRA GROUP LIMITED,17/11/97,Telecommunication Services,48181962062
RMD,RESMED INC,25/11/99,Health Care Equipment & Services,47042924263
WOW,WOOLWORTHS GROUP LIMITED,12/7/93,Consumer Staples Distribution & Retail,45398930485
TCL,TRANSURBAN GROUP,14/3/96,Transportation,43773623372
RIO,RIO TINTO LIMITED,19/9/62,Materials,42856912137
GMG,GOODMAN GROUP,2/2/05,Equity Real Estate Investment Trusts (REITs),34807482819
AMC,AMCOR PLC,28/8/69,Materials,24313424396
ALL,ARISTOCRAT LEISURE LIMITED,9/7/96,Consumer Services,23738574481
COL,COLES GROUP LIMITED.,21/11/18,Consumer Staples Distribution & Retail,23729681898
STO,SANTOS LIMITED,1/10/54,Energy,23159959150
NCM,NEWCREST MINING LIMITED,4/6/87,Materials,22825323314
QBE,QBE INSURANCE GROUP LIMITED,28/6/73,Insurance,21269340746
WTC,WISETECH GLOBAL LIMITED,11/4/16,Software & Services,21046750611
S32,SOUTH32 LIMITED,18/5/15,Materials,19013270162
BXB,BRAMBLES LIMITED,27/11/06,Commercial & Professional Services,18360316247
REA,REA GROUP LTD,1/12/99,Media & Entertainment,17472501948
SHL,SONIC HEALTHCARE LIMITED,30/4/87,Health Care Equipment & Services,16020316628
MIN,MINERAL RESOURCES LIMITED,28/7/06,Materials,15225579813
SUN,SUNCORP GROUP LIMITED,7/7/88,Insurance,15130984896
COH,COCHLEAR LIMITED,4/12/95,Health Care Equipment & Services,15042262922
RHC,RAMSAY HEALTH CARE LIMITED,24/9/97,Health Care Equipment & Services,14849845020
SCG,SCENTRE GROUP,25/6/14,Equity Real Estate Investment Trusts (REITs),14429251782
NWS,NEWS CORPORATION..,19/6/13,Media & Entertainment,14123011684
NWSLV,NEWS CORPORATION..,19/6/13,Media & Entertainment,14123011684
JHX,JAMES HARDIE INDUSTRIES PLC,15/10/01,Materials,13849318179
FPH,FISHER & PAYKEL HEALTHCARE CORPORATION LIMITED,21/11/01,Health Care Equipment & Services,13771007284
ORG,ORIGIN ENERGY LIMITED,13/7/61,Utilities,13678616508
XRO,XERO LIMITED,8/11/12,Software & Services,13470047506
NST,NORTHERN STAR RESOURCES LTD,17/12/03,Materials,12902388061
ASX,ASX LIMITED,14/10/98,Financial Services,12748241418
CPU,COMPUTERSHARE LIMITED.,27/5/94,Commercial & Professional Services,12648129589
AIA,AUCKLAND INTERNATIONAL AIRPORT LIMITED,22/2/99,Transportation,12148546880
AGG,ANGLOGOLD ASHANTI LIMITED,16/11/99,Materials,12061745735
MEZ,MERIDIAN ENERGY LIMITED,29/10/13,Utilities,12054056073
EDV,ENDEAVOUR GROUP LIMITED,24/6/21,Consumer Staples Distribution & Retail,11981656314
APA,APA GROUP,13/6/00,Utilities,11846134234
URW,UNIBAIL-RODAMCO-WESTFIELD,31/5/18,Equity Real Estate Investment Trusts (REITs),11822955898
QAN,QANTAS AIRWAYS LIMITED,31/7/95,Transportation,11700553754
TLC,THE LOTTERY CORPORATION LIMITED,24/5/22,Consumer Services,11529497422
IAG,INSURANCE AUSTRALIA GROUP LIMITED,8/8/00,Insurance,11343078906
PLS,PILBARA MINERALS LIMITED,19/9/07,Materials,10792848668
REH,REECE LIMITED,1/1/74,Capital Goods,10581220885
SOL,WASHINGTON H SOUL PATTINSON & COMPANY LIMITED,21/1/03,Energy,10302022810
OZL,OZ MINERALS LIMITED,1/1/70,Materials,9384381569
TWE,TREASURY WINE ESTATES LIMITED,10/5/11,"Food, Beverage & Tobacco",9369589324
ALX,ATLAS ARTERIA,25/1/10,Transportation,9328860736
SGP,STOCKLAND,19/2/87,Equity Real Estate Investment Trusts (REITs),9190610899
IGO,IGO LIMITED,17/1/02,Materials,9117504469
TPG,TPG TELECOM LIMITED.,30/6/20,Telecommunication Services,9110774178
BSL,BLUESCOPE STEEL LIMITED,15/7/02,Materials,9078904280
AFI,AUSTRALIAN FOUNDATION INVESTMENT COMPANY LIMITED,30/6/62,Not Applic,8992527459
VCX,VICINITY CENTRES,5/12/11,Equity Real Estate Investment Trusts (REITs),8945221078
MPL,MEDIBANK PRIVATE LIMITED,25/11/14,Insurance,8840350400
SVW,SEVEN GROUP HOLDINGS LIMITED,30/4/10,Capital Goods,8442176065
SPK,SPARK NEW ZEALAND LIMITED,22/8/91,Telecommunication Services,8429391702
SEK,SEEK LIMITED,19/4/05,Media & Entertainment,8307546850
DXS,DEXUS,6/10/04,Equity Real Estate Investment Trusts (REITs),8238829784
GPT,GPT GROUP,1/4/71,Equity Real Estate Investment Trusts (REITs),8141204078
MGR,MIRVAC GROUP,16/6/99,Equity Real Estate Investment Trusts (REITs),8128472047
EBO,EBOS GROUP LIMITED,6/12/13,Health Care Equipment & Services,8085220253
CAR,CARSALES.COM LIMITED.,10/9/09,Media & Entertainment,8059213751
MCY,MERCURY NZ LIMITED,10/5/13,Utilities,7775504667
IEL,IDP EDUCATION LIMITED,26/11/15,Consumer Services,7464977179
YAL,YANCOAL AUSTRALIA LIMITED,28/6/12,Energy,7368052058
ALD,AMPOL LIMITED,31/12/80,Energy,7292044229
WOR,WORLEY LIMITED,28/11/02,Energy,7240587908
ORI,ORICA LIMITED,28/11/61,Materials,6971053022
JHG,JANUS HENDERSON GROUP PLC,27/10/08,Financial Services,6961021710
PME,PRO MEDICUS LIMITED,10/10/00,Health Care Equipment & Services,6802716960
ARG,ARGO INVESTMENTS LIMITED,31/3/63,Not Applic,6724520641
AKE,ALLKEM LIMITED,4/12/07,Materials,6657150418
AZJ,AURIZON HOLDINGS LIMITED,22/11/10,Transportation,6239986499
IPL,INCITEC PIVOT LIMITED,28/7/03,Materials,6234542343
LYC,LYNAS RARE EARTHS LIMITED,11/9/86,Materials,6068740607
WHC,WHITEHAVEN COAL LIMITED,1/6/07,Energy,5984667044
SDF,STEADFAST GROUP LIMITED,2/8/13,Insurance,5940574039
IFT,INFRATIL LIMITED.,30/8/10,Utilities,5784628820
ALQ,ALS LIMITED,18/7/52,Commercial & Professional Services,5485619860
CWY,CLEANAWAY WASTE MANAGEMENT LIMITED,3/5/05,Commercial & Professional Services,5409180292
CEN,CONTACT ENERGY LIMITED,24/9/15,Utilities,5365313848
CHC,CHARTER HALL GROUP,10/6/05,Equity Real Estate Investment Trusts (REITs),5335408405
QUB,QUBE HOLDINGS LIMITED,4/1/07,Transportation,5332602822
EVN,EVOLUTION MINING LIMITED,20/8/02,Materials,5156395856
BEN,BENDIGO AND ADELAIDE BANK LIMITED,19/12/85,Banks,5112680913
LLC,LENDLEASE GROUP,30/6/62,Real Estate Management & Development,5052730736
NHC,NEW HOPE CORPORATION LIMITED,16/9/03,Energy,4940709071
ALU,ALTIUM LIMITED,4/8/99,Software & Services,4910436793
AGL,AGL ENERGY LIMITED.,12/10/06,Utilities,4756322937
HVN,HARVEY NORMAN HOLDINGS LIMITED,3/9/87,Consumer Discretionary Distribution & Retail,4684985019
JBH,JB HI-FI LIMITED,23/10/03,Consumer Discretionary Distribution & Retail,4659814270
TNE,TECHNOLOGY ONE LIMITED,8/12/99,Software & Services,4631580109
NXT,NEXTDC LIMITED,13/12/10,Software & Services,4605830540
VEA,VIVA ENERGY GROUP LIMITED,13/7/18,Energy,4571437159
DMP,DOMINO'S PIZZA ENTERPRISES LIMITED,16/5/05,Consumer Services,4383247778
CGF,CHALLENGER LIMITED,23/12/03,Financial Services,4352596373
SSR,SSR MINING INC.,17/9/20,Materials,4300667363
ILU,ILUKA RESOURCES LIMITED,30/6/62,Materials,4297655404
BOQ,BANK OF QUEENSLAND LIMITED.,24/8/71,Banks,4286826516
A2M,THE A2 MILK COMPANY LIMITED,31/3/15,"Food, Beverage & Tobacco",4274099187
PMV,PREMIER INVESTMENTS LIMITED,15/12/87,Consumer Discretionary Distribution & Retail,4107995686
AWC,ALUMINA LIMITED,31/10/61,Materials,4105879205
FLT,FLIGHT CENTRE TRAVEL GROUP LIMITED,1/12/95,Consumer Services,3982090175
BLD,BORAL LIMITED.,21/2/00,Materials,3838747698
GQG,GQG PARTNERS INC.,26/10/21,Financial Services,3794354983
CIA,CHAMPION IRON LIMITED,8/6/07,Materials,3723790507
MTS,METCASH LIMITED,8/4/05,Consumer Staples Distribution & Retail,3669058088
VUK,VIRGIN MONEY UK PLC,3/2/16,Banks,3654138923
BKW,BRICKWORKS LIMITED,30/6/62,Materials,3507717773
APE,EAGERS AUTOMOTIVE LIMITED,17/4/57,Consumer Discretionary Distribution & Retail,3447874337
ANN,ANSELL LIMITED,22/8/85,Health Care Equipment & Services,3414488133
NHF,NIB HOLDINGS LIMITED,5/11/07,Insurance,3364253860
LTR,LIONTOWN RESOURCES LIMITED,27/12/06,Materials,3330658769
NEC,NINE ENTERTAINMENT CO. HOLDINGS LIMITED,6/12/13,Media & Entertainment,3248774147
CNU,CHORUS LIMITED,21/11/11,Telecommunication Services,3236344021
NWL,NETWEALTH GROUP LIMITED,20/11/17,Financial Services,3187656586
AMP,AMP LIMITED,15/6/98,Financial Services,3148847336
FBU,FLETCHER BUILDING LIMITED,26/3/01,Capital Goods,3101126937
BPT,BEACH ENERGY LIMITED,30/6/72,Energy,3079800436
CLW,CHARTER HALL LONG WALE REIT,8/11/16,Equity Real Estate Investment Trusts (REITs),3079790285
NSR,NATIONAL STORAGE REIT,19/12/13,Equity Real Estate Investment Trusts (REITs),3029953982
PRU,PERSEUS MINING LIMITED,22/9/04,Materials,2994744217
SMR,STANMORE RESOURCES LIMITED,9/12/09,Energy,2983606309
SGM,SIMS LIMITED,21/10/05,Materials,2893751059
CRN,CORONADO GLOBAL RESOURCES INC.,23/10/18,Materials,2816442266
ORA,ORORA LIMITED,18/12/13,Materials,2798114425
SUL,SUPER RETAIL GROUP LIMITED,6/7/04,Consumer Discretionary Distribution & Retail,2777665950
NXG,NEXGEN ENERGY (CANADA) LTD,2/7/21,Energy,2762455673
ZIM,ZIMPLATS HOLDINGS LIMITED,15/10/98,Materials,2749065555
RGN,REGION GROUP,26/11/12,Equity Real Estate Investment Trusts (REITs),2745856638
BRG,BREVILLE GROUP LIMITED,25/5/99,Consumer Durables & Apparel,2742830022
NIC,NICKEL INDUSTRIES LIMITED,20/8/18,Materials,2736952832
RWC,RELIANCE WORLDWIDE CORPORATION LIMITED,29/4/16,Capital Goods,2733727887
WEB,WEBJET LIMITED,19/11/97,Consumer Services,2654803199
GNE,GENESIS ENERGY LIMITED,17/4/14,Utilities,2643385683
SFR,SANDFIRE RESOURCES LIMITED,4/3/04,Materials,2636266425
AUB,AUB GROUP LIMITED,16/11/05,Insurance,2614410839
ARB,ARB CORPORATION LIMITED.,26/6/87,Automobiles & Components,2593585284
CTD,CORPORATE TRAVEL MANAGEMENT LIMITED,15/12/10,Consumer Services,2576796387
LOV,LOVISA HOLDINGS LIMITED,18/12/14,Consumer Discretionary Distribution & Retail,2527578869
HDN,HOMECO DAILY NEEDS REIT,23/11/20,Equity Real Estate Investment Trusts (REITs),2476151668
PPT,PERPETUAL LIMITED,24/6/64,Financial Services,2417069248
SGR,THE STAR ENTERTAINMENT GROUP LIMITED,6/6/11,Consumer Services,2395647698
CHN,CHALICE MINING LIMITED,24/3/06,Materials,2394204154
BWP,BWP TRUST,16/9/98,Equity Real Estate Investment Trusts (REITs),2389667747
AIZ,AIR NEW ZEALAND LIMITED,1/10/97,Transportation,2374767343
DEG,DE GREY MINING LIMITED,3/7/02,Materials,2372973711
DRR,DETERRA ROYALTIES LIMITED,23/10/20,Materials,2346718075
TLX,TELIX PHARMACEUTICALS LIMITED,15/11/17,"Pharmaceuticals, Biotechnology & Life Sciences",2291110687
BFL,BSP FINANCIAL GROUP LIMITED,25/5/21,Banks,2284705697
DOW,DOWNER EDI LIMITED,20/12/90,Commercial & Professional Services,2283350509
ABP,ABACUS PROPERTY GROUP,14/11/02,Equity Real Estate Investment Trusts (REITs),2278826964
GOZ,GROWTHPOINT PROPERTIES AUSTRALIA,4/7/07,Equity Real Estate Investment Trusts (REITs),2274895432
TAH,TABCORP HOLDINGS LIMITED,15/8/94,Consumer Services,2270167201
CSR,CSR LIMITED,31/3/62,Materials,2265317925
HUB,HUB24 LIMITED,5/7/07,Financial Services,2253407921
BAP,BAPCOR LIMITED,24/4/14,Consumer Discretionary Distribution & Retail,2229940125
PXA,PEXA GROUP LIMITED,1/7/21,Real Estate Management & Development,2220118866
MGF,MAGELLAN GLOBAL FUND.,30/11/20,Not Applic,2168240644
CQR,CHARTER HALL RETAIL REIT,15/11/95,Equity Real Estate Investment Trusts (REITs),2162174145
DHG,DOMAIN HOLDINGS AUSTRALIA LIMITED.,16/11/17,Media & Entertainment,2147634320
VNT,VENTIA SERVICES GROUP LIMITED,19/11/21,Capital Goods,2104491735
NUF,NUFARM LIMITED,10/11/88,Materials,2069778723
CIP,CENTURIA INDUSTRIAL REIT,13/12/12,Equity Real Estate Investment Trusts (REITs),1930189130
EVT,EVT LIMITED,30/6/62,Media & Entertainment,1929479400
APM,APM HUMAN SERVICES INTERNATIONAL LIMITED,12/11/21,Commercial & Professional Services,1926082087
IFL,INSIGNIA FINANCIAL LTD,5/12/03,Financial Services,1896245847
SNZ,SUMMERSET GROUP HOLDINGS LIMITED,18/7/13,Health Care Equipment & Services,1892124122
SYA,SAYONA MINING LIMITED,30/3/04,Materials,1775017633
PDN,PALADIN ENERGY LTD,29/3/94,Energy,1758257646
WAM,WAM CAPITAL LIMITED,12/8/99,Not Applic,1745080223
CMM,CAPRICORN METALS LTD,7/7/08,Materials,1717214860
PSI,PSC INSURANCE GROUP LIMITED,15/12/15,Insurance,1709317458
HLS,HEALIUS LIMITED,3/7/98,Health Care Equipment & Services,1708586127
IVC,INVOCARE LIMITED,4/12/03,Consumer Services,1708560293
IPH,IPH LIMITED,19/11/14,Commercial & Professional Services,1699475880
GOR,GOLD ROAD RESOURCES LIMITED,4/7/06,Materials,1692278610
IRE,IRESS LIMITED,3/11/00,Software & Services,1681105266
NEU,NEUREN PHARMACEUTICALS LIMITED,3/2/05,"Pharmaceuticals, Biotechnology & Life Sciences",1676553788
MXT,METRICS MASTER INCOME TRUST,9/10/17,Not Applic,1674825919
WPR,WAYPOINT REIT,3/8/16,Equity Real Estate Investment Trusts (REITs),1672823202
WLE,WAM LEADERS LIMITED,30/5/16,Not Applic,1669499855
SKC,SKYCITY ENTERTAINMENT GROUP LIMITED,29/3/99,Consumer Services,1649645304
JLG,JOHNS LYNG GROUP LIMITED,26/10/17,Capital Goods,1616886211
LSF,L1 LONG SHORT FUND LIMITED,24/4/18,Not Applic,1608223054
PLL,PIEDMONT LITHIUM INC.,28/3/83,Materials,1582520198
PNI,PINNACLE INVESTMENT MANAGEMENT GROUP LIMITED,19/6/07,Financial Services,1579954514
LIC,LIFESTYLE COMMUNITIES LIMITED,15/12/98,Real Estate Management & Development,1577586027
GNC,GRAINCORP LIMITED,30/3/98,Consumer Staples Distribution & Retail,1567791057
CMW,CROMWELL PROPERTY GROUP,22/2/73,Equity Real Estate Investment Trusts (REITs),1518942685
NAN,NANOSONICS LIMITED,17/5/07,Health Care Equipment & Services,1510443380
MFG,MAGELLAN FINANCIAL GROUP LIMITED,1/7/04,Financial Services,1510162227
DDR,DICKER DATA LIMITED,24/1/11,Technology Hardware & Equipment,1503871765
MFF,MFF CAPITAL INVESTMENTS LIMITED,19/12/06,Not Applic,1476574941
PPH,PUSHPAY HOLDINGS LIMITED,12/10/16,Financial Services,1467946921
CXO,CORE LITHIUM LTD,11/2/11,Materials,1465463267
PNV,POLYNOVO LIMITED,26/11/98,Health Care Equipment & Services,1427953795
BKL,BLACKMORES LIMITED,2/5/85,Household & Personal Products,1409109247
INA,INGENIA COMMUNITIES GROUP,1/7/04,Equity Real Estate Investment Trusts (REITs),1398010596
ELD,ELDERS LIMITED,30/6/81,"Food, Beverage & Tobacco",1376993851
RRL,REGIS RESOURCES LIMITED,19/2/87,Materials,1351496406
JDO,JUDO CAPITAL HOLDINGS LIMITED,1/11/21,Banks,1315568648
BGL,BELLEVUE GOLD LIMITED,20/12/05,Materials,1309800173
KLS,KELSIAN GROUP LIMITED,16/10/13,Transportation,1309065298
GUD,G.U.D. HOLDINGS LIMITED,30/6/62,Automobiles & Components,1297640150
DBI,DALRYMPLE BAY INFRASTRUCTURE LIMITED,8/12/20,Transportation,1293937951
BKI,BKI INVESTMENT COMPANY LIMITED,12/12/03,Not Applic,1282508275
CNI,CENTURIA CAPITAL GROUP,26/3/02,Equity Real Estate Investment Trusts (REITs),1279674870
MAQ,MACQUARIE TELECOM GROUP LIMITED,27/9/99,Telecommunication Services,1262646968
ARF,ARENA REIT.,13/6/13,Equity Real Estate Investment Trusts (REITs),1234271655
AX1,ACCENT GROUP LIMITED,7/7/04,Consumer Discretionary Distribution & Retail,1231985706
AUI,AUSTRALIAN UNITED INVESTMENT COMPANY LIMITED,1/1/74,Not Applic,1200097124
OCL,OBJECTIVE CORPORATION LIMITED,17/8/00,Software & Services,1199161216
LFS,LATITUDE GROUP HOLDINGS LIMITED,20/4/21,Financial Services,1163922859
KAR,KAROON ENERGY LTD,8/6/04,Energy,1148109142
HMC,HMC CAPITAL LIMITED,14/10/19,Equity Real Estate Investment Trusts (REITs),1136937608
CCP,CREDIT CORP GROUP LIMITED,4/9/00,Financial Services,1133993821
DTL,DATA#3 LIMITED,23/12/97,Software & Services,1123936068
LFG,LIBERTY FINANCIAL GROUP,15/12/20,Financial Services,1123320000
MND,MONADELPHOUS GROUP LIMITED,28/3/91,Capital Goods,1118812259
ING,INGHAMS GROUP LIMITED,7/11/16,"Food, Beverage & Tobacco",1111322007
HGH,HEARTLAND GROUP HOLDINGS LIMITED,1/11/18,Banks,1103518501
CGC,COSTA GROUP HOLDINGS LIMITED,24/7/15,"Food, Beverage & Tobacco",1096715111
CQE,CHARTER HALL SOCIAL INFRASTRUCTURE REIT,22/5/03,Equity Real Estate Investment Trusts (REITs),1096020825
SYR,SYRAH RESOURCES LIMITED,11/9/07,Materials,1082650779
ARU,ARAFURA RARE EARTHS LTD,5/11/03,Materials,1067098241
IMD,IMDEX LIMITED,24/9/87,Materials,1058278971
LNK,LINK ADMINISTRATION HOLDINGS LIMITED,27/10/15,Commercial & Professional Services,1046494461
ABC,ADBRI LIMITED,31/5/62,Materials,1044204088
DUI,DIVERSIFIED UNITED INVESTMENT LIMITED,19/12/91,Not Applic,1038019317
ADT,ADRIATIC METALS PLC,1/5/18,Materials,1016033930
SLR,SILVER LAKE RESOURCES LIMITED,14/11/07,Materials,1013421323
BGA,BEGA CHEESE LIMITED,19/8/11,"Food, Beverage & Tobacco",999826318
VSL,VULCAN STEEL LIMITED,4/11/21,Materials,998705147
PTM,PLATINUM ASSET MANAGEMENT LIMITED,23/5/07,Financial Services,997354130
CKF,COLLINS FOODS LIMITED,4/8/11,Consumer Services,990202508
WAF,WEST AFRICAN RESOURCES LIMITED,11/6/10,Materials,987752526
MMS,MCMILLAN SHAKESPEARE LIMITED,15/3/04,Commercial & Professional Services,985448790
CDA,CODAN LIMITED,27/11/03,Technology Hardware & Equipment,981931069
HLI,HELIA GROUP LIMITED,20/5/14,Financial Services,979799477
UMG,UNITED MALT GROUP LIMITED,24/3/20,"Food, Beverage & Tobacco",975323980
WBT,WEEBIT NANO LTD,21/12/10,Semiconductors & Semiconductor Equipment,961970337
NWH,NRW HOLDINGS LIMITED,5/9/07,Capital Goods,961274154
RMS,RAMELIUS RESOURCES LIMITED,31/3/03,Materials,960573538
CUV,CLINUVEL PHARMACEUTICALS LIMITED,13/2/01,"Pharmaceuticals, Biotechnology & Life Sciences",960042867
360,LIFE360 INC.,10/5/19,Software & Services,959626270
BGP,BRISCOE GROUP AUSTRALASIA LIMITED,20/7/17,Consumer Discretionary Distribution & Retail,957892845
GEM,G8 EDUCATION LIMITED,5/12/07,Consumer Services,955217238
STX,STRIKE ENERGY LIMITED,5/8/04,Energy,954123653
PWH,PWR HOLDINGS LIMITED,18/11/15,Automobiles & Components,951605623
AAC,AUSTRALIAN AGRICULTURAL COMPANY LIMITED.,10/8/01,"Food, Beverage & Tobacco",925246957
SLX,SILEX SYSTEMS LIMITED,7/5/98,Semiconductors & Semiconductor Equipment,918617969
EMR,EMERALD RESOURCES NL,22/7/94,Materials,917422519
HSN,HANSEN TECHNOLOGIES LIMITED,1/6/00,Software & Services,908888362
OML,OOH!MEDIA LIMITED,17/12/14,Media & Entertainment,906580849
UOS,UNITED OVERSEAS AUSTRALIA LIMITED,17/2/88,Real Estate Management & Development,873997518
MGH,MAAS GROUP HOLDINGS LIMITED,4/12/20,Capital Goods,854584415
DXI,DEXUS INDUSTRIA REIT.,3/12/13,Equity Real Estate Investment Trusts (REITs),853456063
COF,CENTURIA OFFICE REIT,10/12/14,Equity Real Estate Investment Trusts (REITs),848218442
SDR,SITEMINDER LIMITED,8/11/21,Software & Services,843804457
IMU,IMUGENE LIMITED,24/11/93,"Pharmaceuticals, Biotechnology & Life Sciences",834995084
GRR,GRANGE RESOURCES LIMITED.,27/3/86,Materials,827497169
VUL,VULCAN ENERGY RESOURCES LIMITED,30/5/18,Materials,824752981
JIN,JUMBO INTERACTIVE LIMITED,14/6/72,Consumer Services,822372151
SIQ,SMARTGROUP CORPORATION LTD,2/7/14,Commercial & Professional Services,821873571
MCR,MINCOR RESOURCES NL,16/6/97,Materials,817289605
CXL,CALIX LIMITED,20/7/18,Materials,792944040
MAD,MADER GROUP LIMITED,1/10/19,Commercial & Professional Services,792000000
RPL,REGAL PARTNERS LIMITED,21/6/19,Financial Services,789472840
RFF,RURAL FUNDS GROUP,14/2/14,Equity Real Estate Investment Trusts (REITs),783874223
PL8,PLATO INCOME MAXIMISER LIMITED.,5/5/17,Not Applic,783509289
RSG,RESOLUTE MINING LIMITED,11/1/79,Materials,777087398
THL,TOURISM HOLDINGS RENTALS LIMITED,2/12/22,Transportation,776868922
CIN,CARLTON INVESTMENTS LIMITED,30/6/70,Not Applic,775707978
BOE,BOSS ENERGY LTD,25/7/07,Energy,772147708
BRN,BRAINCHIP HOLDINGS LTD,9/11/11,Software & Services,768670293
PRN,PERENTI LIMITED,6/1/94,Materials,757905565
MYR,MYER HOLDINGS LIMITED,2/11/09,Consumer Discretionary Distribution & Retail,755576510
ACL,AUSTRALIAN CLINICAL LABS LIMITED,14/5/21,Health Care Equipment & Services,754859216
ABB,AUSSIE BROADBAND LIMITED,16/10/20,Telecommunication Services,753453554
RBD,RESTAURANT BRANDS NEW ZEALAND LIMITED,28/9/17,Consumer Services,752293894
ERA,ENERGY RESOURCES OF AUSTRALIA LIMITED,19/11/80,Energy,738276640
NCK,NICK SCALI LIMITED,26/5/04,Consumer Discretionary Distribution & Retail,734670000
TYR,TYRO PAYMENTS LIMITED,6/12/19,Financial Services,722120407
DJW,DJERRIWARRH INVESTMENTS LIMITED,28/6/95,Not Applic,716412557
SGF,SG FLEET GROUP LIMITED,4/3/14,Commercial & Professional Services,711328634
MP1,MEGAPORT LIMITED,17/12/15,Software & Services,706569256
RIC,RIDLEY CORPORATION LIMITED,13/8/87,"Food, Beverage & Tobacco",706083895
LKE,LAKE RESOURCES N.L.,29/8/01,Materials,702872628
MAF,MA FINANCIAL GROUP LIMITED,10/4/17,Financial Services,696794253
MSB,MESOBLAST LIMITED,16/12/04,"Pharmaceuticals, Biotechnology & Life Sciences",692893945
AD8,AUDINATE GROUP LIMITED,30/6/17,Technology Hardware & Equipment,690871117
QAL,QUALITAS LIMITED,16/12/21,Real Estate Management & Development,683797082
KMD,KMD BRANDS LIMITED,13/11/09,Consumer Discretionary Distribution & Retail,675780336
PGF,PM CAPITAL GLOBAL OPPORTUNITIES FUND LIMITED,12/12/13,Not Applic,673217109
EQT,EQT HOLDINGS LIMITED,6/8/85,Financial Services,667300890
OBL,OMNI BRIDGEWAY LIMITED,28/1/00,Financial Services,666457415
IDX,INTEGRAL DIAGNOSTICS LIMITED,21/10/15,Health Care Equipment & Services,661602285
HPI,HOTEL PROPERTY INVESTMENTS,10/12/13,Equity Real Estate Investment Trusts (REITs),656724495
AGY,ARGOSY MINERALS LIMITED,3/4/97,Materials,653049487
SIG,SIGMA HEALTHCARE LIMITED,30/10/02,Health Care Equipment & Services,651454996
TIE,TIETTO MINERALS LIMITED,18/1/18,Materials,647078857
SWM,SEVEN WEST MEDIA LIMITED,9/1/92,Media & Entertainment,645206458
WGB,WAM GLOBAL LIMITED,22/6/18,Not Applic,637455465
ASB,AUSTAL LIMITED,8/12/98,Capital Goods,628836653
MGX,MOUNT GIBSON IRON LIMITED,12/2/76,Materials,625425956
INR,IONEER LTD,19/12/07,Materials,608518097
TUA,TUAS LIMITED,30/6/20,Telecommunication Services,604447897
NBI,NB GLOBAL CORPORATE INCOME TRUST,26/9/18,Not Applic,600323661
HTA,HUTCHISON TELECOMMUNICATIONS (AUSTRALIA) LIMITED,17/8/99,Telecommunication Services,597190377
WHF,WHITEFIELD INDUSTRIALS LIMITED,2/8/71,Not Applic,593875012
KKC,KKR CREDIT INCOME FUND,21/11/19,Not Applic,593027265
EHE,ESTIA HEALTH LIMITED,5/12/14,Health Care Equipment & Services,583895937
WTN,WINTON LAND LIMITED,17/12/21,Real Estate Management & Development,578396785
NVX,NOVONIX LIMITED,2/12/15,Technology Hardware & Equipment,576877273
PPM,PEPPER MONEY LIMITED,25/5/21,Financial Services,569453085
BLY,BOART LONGYEAR GROUP LTD,5/4/07,Materials,568167195
ECX,ECLIPX GROUP LIMITED,22/4/15,Financial Services,567944955
TLG,TALGA GROUP LTD,9/7/10,Materials,564392479
NTO,NITRO SOFTWARE LIMITED,11/12/19,Software & Services,556959822
IFM,INFOMEDIA LTD,16/8/00,Software & Services,554285825
AQZ,ALLIANCE AVIATION SERVICES LIMITED,20/12/11,Transportation,552927358
LLL,LEO LITHIUM LIMITED,23/6/22,Materials,550895289
RNU,RENASCOR RESOURCES LIMITED,15/12/10,Materials,545972612
VG1,VGI PARTNERS GLOBAL INVESTMENTS LIMITED,28/9/17,Not Applic,544711243
A4N,ALPHA HPA LIMITED,22/10/07,Materials,544659235
QRI,QUALITAS REAL ESTATE INCOME FUND,27/11/18,Not Applic,540728689
CBO,COBRAM ESTATE OLIVES LIMITED,11/8/21,"Food, Beverage & Tobacco",540505146
MIR,MIRRABOOKA INVESTMENTS LIMITED,28/6/01,Not Applic,540227132
RF1,REGAL INVESTMENT FUND,17/6/19,Not Applic,540031517
MOT,METRICS INCOME OPPORTUNITIES TRUST,29/4/19,Not Applic,539236985
HM1,HEARTS AND MINDS INVESTMENTS LIMITED,14/11/18,Not Applic,537728004
29M,29METALS LIMITED,2/7/21,Materials,532667562
OMH,OM HOLDINGS LIMITED,12/3/98,Materials,531808803
WGX,WESTGOLD RESOURCES LIMITED.,6/12/16,Materials,530457458
PPC,PEET LIMITED,5/8/04,Real Estate Management & Development,528094141
PFP,PROPEL FUNERAL PARTNERS LIMITED,23/11/17,Consumer Services,524921956
SBM,ST BARBARA LIMITED,15/5/69,Materials,522586653
SNL,SUPPLY NETWORK LIMITED,10/9/87,Consumer Discretionary Distribution & Retail,514931487
SM1,SYNLAIT MILK LIMITED,25/11/16,"Food, Beverage & Tobacco",513666903
CTT,CETTIRE LIMITED,18/12/20,Consumer Discretionary Distribution & Retail,512765406
AVH,AVITA MEDICAL INC.,24/6/20,"Pharmaceuticals, Biotechnology & Life Sciences",508866394
OPH,OPHIR HIGH CONVICTION FUND,19/12/18,Not Applic,503367547
DGL,DGL GROUP LIMITED,24/5/21,Materials,494320941
OCA,OCEANIA HEALTHCARE LIMITED,5/5/17,Health Care Equipment & Services,488510825
DVP,DEVELOP GLOBAL LIMITED,27/4/07,Materials,488306954
REG,REGIS HEALTHCARE LIMITED,7/10/14,Health Care Equipment & Services,481452998
SHV,SELECT HARVESTS LIMITED,15/6/78,"Food, Beverage & Tobacco",478181723
HCW,HEALTHCO HEALTHCARE AND WELLNESS REIT,6/9/21,Equity Real Estate Investment Trusts (REITs),472255539
GCI,GRYPHON CAPITAL INCOME TRUST,25/5/18,Not Applic,466870892
FGX,FUTURE GENERATION INVESTMENT COMPANY LIMITED,6/3/97,Not Applic,461760674
BCB,BOWEN COKING COAL LIMITED,22/6/95,Materials,460169462
FGG,FUTURE GENERATION GLOBAL INVESTMENT COMPANY LIMITED,10/9/15,Not Applic,458560520
TER,TERRACOM LIMITED,22/7/10,Energy,456550754
PWR,PETER WARREN AUTOMOTIVE HOLDINGS LIMITED,27/4/21,Consumer Discretionary Distribution & Retail,455589553
PIC,PERPETUAL EQUITY INVESTMENT COMPANY LIMITED,18/12/14,Not Applic,451066681
RED,RED 5 LIMITED,16/10/96,Materials,449643491
OFX,OFX GROUP LIMITED,11/10/13,Financial Services,440968635
KGN,KOGAN.COM LTD,7/7/16,Consumer Discretionary Distribution & Retail,433659999
PE1,PENGANA PRIVATE EQUITY TRUST,30/4/19,Not Applic,432573523
GWA,GWA GROUP LIMITED.,20/5/93,Capital Goods,432284334
ASG,AUTOSPORTS GROUP LIMITED.,16/11/16,Consumer Discretionary Distribution & Retail,428130000
ALK,ALKANE RESOURCES LIMITED,7/10/80,Materials,425142740
NWE,NORWEST ENERGY NL,19/9/97,Energy,423941644
C6C,COPPER MOUNTAIN MINING CORPORATION,6/4/18,Materials,423613613
GMD,GENESIS MINERALS LIMITED,2/8/07,Materials,423409180
JMS,JUPITER MINES LIMITED.,18/4/18,Materials,421183072
C79,CHRYSOS CORPORATION LIMITED,6/5/22,Commercial & Professional Services,417115686
TPW,TEMPLE & WEBSTER GROUP LTD,10/12/15,Consumer Discretionary Distribution & Retail,414340496
MRM,MMA OFFSHORE LIMITED,21/6/99,Energy,414129758
ALI,ARGO GLOBAL LISTED INFRASTRUCTURE LIMITED,3/7/15,Not Applic,411881155
DYL,DEEP YELLOW LIMITED,19/12/85,Energy,411869627
STA,STRANDLINE RESOURCES LIMITED,17/5/00,Materials,407188816
RG8,REGAL ASIAN INVESTMENTS LIMITED,13/11/19,Not Applic,407038648
SSM,SERVICE STREAM LIMITED,9/12/04,Capital Goods,406529042
BLX,BEACON LIGHTING GROUP LIMITED,15/4/14,Consumer Discretionary Distribution & Retail,403150339
PGG,PARTNERS GROUP GLOBAL INCOME FUND,26/9/19,Not Applic,403067306
5EA,5E ADVANCED MATERIALS INC.,1/3/22,Materials,401757465
SGLLV,RICEGROWERS LIMITED,8/4/19,"Food, Beverage & Tobacco",400430662
PPS,PRAEMIUM LIMITED,11/5/06,Software & Services,399780458
MVF,MONASH IVF GROUP LIMITED,26/6/14,Health Care Equipment & Services,399375711
ZIP,ZIP CO LIMITED..,9/12/09,Financial Services,395965920
PBH,POINTSBET HOLDINGS LIMITED,12/6/19,Consumer Services,395846362
COE,COOPER ENERGY LIMITED,13/3/02,Energy,394729689
PGH,PACT GROUP HOLDINGS LTD,17/12/13,Materials,392490660
UNI,UNIVERSAL STORE HOLDINGS LIMITED,16/11/20,Consumer Discretionary Distribution & Retail,391276131
KCN,KINGSGATE CONSOLIDATED LIMITED.,21/4/88,Materials,389523997
MYS,MYSTATE LIMITED,10/9/09,Banks,389060244
PMC,PLATINUM CAPITAL LIMITED,29/6/94,Not Applic,385591851
FCL,FINEOS CORPORATION HOLDINGS PLC,16/8/19,Software & Services,382884782
GDI,GDI PROPERTY GROUP,17/12/13,Equity Real Estate Investment Trusts (REITs),382746501
PCI,PERPETUAL CREDIT INCOME TRUST,14/5/19,Not Applic,378914648
EHL,EMECO HOLDINGS LIMITED,28/7/06,Capital Goods,378871909
CVL,CIVMEC LIMITED,22/6/18,Capital Goods,378849000
AIS,AERIS RESOURCES LIMITED,2/2/11,Materials,376565349
MHJ,MICHAEL HILL INTERNATIONAL LIMITED,7/7/16,Consumer Discretionary Distribution & Retail,375891995
AFG,AUSTRALIAN FINANCE GROUP LTD,22/5/15,Financial Services,375659054
REP,RAM ESSENTIAL SERVICES PROPERTY FUND,20/10/21,Equity Real Estate Investment Trusts (REITs),375180548
PMT,PATRIOT BATTERY METALS INC.,7/12/22,Materials,374851854
PAR,PARADIGM BIOPHARMACEUTICALS LIMITED..,19/8/15,"Pharmaceuticals, Biotechnology & Life Sciences",372553344
OPT,OPTHEA LIMITED,18/4/91,"Pharmaceuticals, Biotechnology & Life Sciences",369055953
RDY,READYTECH HOLDINGS LIMITED,17/4/19,Software & Services,366973142
ARX,AROA BIOSURGERY LIMITED,24/7/20,"Pharmaceuticals, Biotechnology & Life Sciences",365411583
CTM,CENTAURUS METALS LIMITED,12/1/89,Materials,365175863
DXC,DEXUS CONVENIENCE RETAIL REIT,27/7/17,Equity Real Estate Investment Trusts (REITs),365054892
SRG,SRG GLOBAL LIMITED,17/8/07,Capital Goods,363629474
CWP,CEDAR WOODS PROPERTIES LIMITED,31/8/94,Real Estate Management & Development,362545822
IGL,IVE GROUP LIMITED,16/12/15,Media & Entertainment,361988547
RMC,RESIMAC GROUP LTD,19/3/01,Financial Services,359747412
DDH,DDH1 LIMITED,9/3/21,Materials,353109830
KSC,K & S CORPORATION LIMITED,25/8/71,Transportation,351701886
PAC,PACIFIC CURRENT GROUP LIMITED,25/9/87,Financial Services,350634900
CVW,CLEARVIEW WEALTH LIMITED,11/12/03,Financial Services,350350483
SVR,SOLVAR LIMITED,19/10/06,Financial Services,349474740
ADH,ADAIRS LIMITED,17/6/15,Consumer Discretionary Distribution & Retail,347735308
HAS,HASTINGS TECHNOLOGY METALS LTD,20/2/08,Materials,344906632
NXL,NUIX LIMITED,4/12/20,Software & Services,344486586
CDP,CARINDALE PROPERTY TRUST,28/11/96,Equity Real Estate Investment Trusts (REITs),341496343
AFP,AFT PHARMACEUTICALS LIMITED,22/12/15,"Pharmaceuticals, Biotechnology & Life Sciences",340815345
APX,APPEN LIMITED,7/1/15,Software & Services,340634227
3PL,3P LEARNING LIMITED..,9/7/14,Consumer Services,340075529
NMT,NEOMETALS LTD,10/7/02,Materials,334408411
HLO,HELLOWORLD TRAVEL LIMITED,13/9/00,Consumer Services,333309867
RUL,RPMGLOBAL HOLDINGS LIMITED,27/5/08,Software & Services,331749071
LYL,LYCOPODIUM LIMITED,17/12/04,Capital Goods,328651669
APZ,ASPEN GROUP,11/4/91,Equity Real Estate Investment Trusts (REITs),326546742
TBN,TAMBORAN RESOURCES LIMITED,2/7/21,Energy,325682473
PAI,PLATINUM ASIA INVESTMENTS LIMITED,21/9/15,Not Applic,325422792
SKT,SKY NETWORK TELEVISION LIMITED.,4/7/05,Media & Entertainment,323172484
RAC,RACE ONCOLOGY LTD,13/7/16,"Pharmaceuticals, Biotechnology & Life Sciences",321816249
FSF,FONTERRA SHAREHOLDERS' FUND,30/11/12,"Food, Beverage & Tobacco",321158845
PEB,PACIFIC EDGE LIMITED,27/9/21,"Pharmaceuticals, Biotechnology & Life Sciences",320094261
HT1,HT&E LIMITED,7/5/92,Media & Entertainment,319898423
AEF,AUSTRALIAN ETHICAL INVESTMENT LIMITED,17/12/02,Financial Services,318045387
BFG,BELL FINANCIAL GROUP LIMITED,12/12/07,Financial Services,317536509
WMI,WAM MICROCAP LIMITED,28/6/17,Not Applic,315067559
AGI,AINSWORTH GAME TECHNOLOGY LIMITED,17/12/01,Consumer Services,314902324
PDI,PREDICTIVE DISCOVERY LIMITED,1/12/10,Materials,312485606
MNS,MAGNIS ENERGY TECHNOLOGIES LTD,25/10/05,Materials,310506075
MYX,MAYNE PHARMA GROUP LIMITED,29/6/07,"Pharmaceuticals, Biotechnology & Life Sciences",308795224
AMH,AMCIL LIMITED,10/2/00,Not Applic,308768341
SRV,SERVCORP LIMITED,6/12/99,Real Estate Management & Development,307880884
ALG,ARDENT LEISURE GROUP LIMITED,30/11/18,Consumer Services,307011850
GNG,GR ENGINEERING SERVICES LIMITED,19/4/11,Materials,306977779
GLN,GALAN LITHIUM LIMITED,8/6/11,Materials,305380828
NXD,NEXTED GROUP LIMITED,24/8/09,Consumer Services,304933714
LAU,LINDSAY AUSTRALIA LIMITED,5/7/94,Transportation,301261407
SLC,SUPERLOOP LIMITED,4/6/15,Telecommunication Services,297160597
BCI,BCI MINERALS LIMITED,15/12/06,Materials,296812700
VGL,VISTA GROUP INTERNATIONAL LIMITED.,11/8/14,Software & Services,294987998
RHI,RED HILL MINERALS LIMITED,14/2/06,Materials,291694641
MAH,MACMAHON HOLDINGS LIMITED,1/12/83,Materials,290923085
A11,ATLANTIC LITHIUM LIMITED,26/9/22,Materials,287727289
TRA,TURNERS AUTOMOTIVE GROUP LIMITED,28/7/17,Consumer Discretionary Distribution & Retail,286110815
ECF,ELANOR COMMERCIAL PROPERTY FUND,6/12/19,Equity Real Estate Investment Trusts (REITs),283317936
TRJ,TRAJAN GROUP HOLDINGS LIMITED,7/6/21,"Pharmaceuticals, Biotechnology & Life Sciences",282870409
SST,STEAMSHIPS TRADING COMPANY LIMITED,30/6/62,Capital Goods,281244710
NWF,NEWFIELD RESOURCES LIMITED,8/6/12,Materials,280637869
GL1,GLOBAL LITHIUM RESOURCES LIMITED,6/5/21,Materials,279140516
PAN,PANORAMIC RESOURCES LIMITED,14/9/01,Materials,276873391
CAJ,CAPITOL HEALTH LIMITED,9/6/06,Health Care Equipment & Services,276515860
GDF,GARDA PROPERTY GROUP,2/7/15,Equity Real Estate Investment Trusts (REITs),274311455
PPE,PEOPLEIN LIMITED,22/11/17,Commercial & Professional Services,273391991
CDM,CADENCE CAPITAL LIMITED,5/12/06,Not Applic,272470348
CRD,CONRAD ASIA ENERGY LTD.,27/10/22,Energy,270978283
SMP,SMARTPAY HOLDINGS LIMITED,4/9/13,Financial Services,268070583
HZN,HORIZON OIL LIMITED,30/6/81,Energy,264238089
BTH,BIGTINCAN HOLDINGS LIMITED,24/3/17,Software & Services,264155094
FDV,FRONTIER DIGITAL VENTURES LIMITED,26/8/16,Media & Entertainment,261861431
COG,COG FINANCIAL SERVICES LIMITED,28/1/03,Financial Services,261450667
BBN,BABY BUNTING GROUP LIMITED,14/10/15,Consumer Discretionary Distribution & Retail,259020459
GTK,GENTRACK GROUP LIMITED,25/6/14,Software & Services,258131520
AOF,AUSTRALIAN UNITY OFFICE FUND,20/6/16,Equity Real Estate Investment Trusts (REITs),258081996
WAX,WAM RESEARCH LIMITED,19/8/03,Not Applic,255272681
ABA,AUSWIDE BANK LTD,19/9/94,Banks,252850024
JRV,JERVOIS GLOBAL LIMITED,1/12/80,Materials,249511316
MLX,METALS X LIMITED,26/8/04,Materials,249498168
SFC,SCHAFFER CORPORATION LIMITED,1/1/74,Automobiles & Components,247902691
CGS,COGSTATE LTD,13/2/04,Health Care Equipment & Services,247180497
WR1,WINSOME RESOURCES LIMITED,30/11/21,Materials,246895160
AMA,AMA GROUP LIMITED,31/8/06,Commercial & Professional Services,246806150
NGI,NAVIGATOR GLOBAL INVESTMENTS LIMITED,28/4/06,Financial Services,246298151
IMM,IMMUTEP LIMITED,23/6/88,"Pharmaceuticals, Biotechnology & Life Sciences",246202775
IPG,IPD GROUP LTD,17/12/21,Capital Goods,244415208
BST,BEST & LESS GROUP HOLDINGS LTD,26/7/21,Consumer Discretionary Distribution & Retail,243838679
SKO,SERKO LIMITED,25/6/18,Software & Services,243294906
BCK,BROCKMAN MINING LIMITED,11/1/11,Materials,241286035
URF,US MASTERS RESIDENTIAL PROPERTY FUND,23/7/12,Equity Real Estate Investment Trusts (REITs),240999818
AKP,AUDIO PIXELS HOLDINGS LIMITED,24/12/04,Consumer Durables & Apparel,239328674
GDG,GENERATION DEVELOPMENT GROUP LIMITED,11/12/07,Insurance,235954341
LIN,LINDIAN RESOURCES LIMITED,2/3/00,Materials,235142836
HE8,HELIOS ENERGY LTD,20/10/10,Energy,234364450
CVN,CARNARVON ENERGY LIMITED,16/8/84,Energy,234024298
CVC,CVC LIMITED,27/6/85,Financial Services,233648188
NPR,NEWMARK PROPERTY REIT,6/12/21,Equity Real Estate Investment Trusts (REITs),233418062
ASN,ANSON RESOURCES LIMITED,8/7/10,Materials,231582846
LRS,LATIN RESOURCES LIMITED,21/9/10,Materials,231173766
BSE,BASE RESOURCES LIMITED,2/10/08,Materials,229712311
PYC,PYC THERAPEUTICS LIMITED,30/3/05,"Pharmaceuticals, Biotechnology & Life Sciences",229493706
SVL,SILVER MINES LIMITED,19/1/07,Materials,224643143
PIA,PENGANA INTERNATIONAL EQUITIES LIMITED,19/3/04,Not Applic,223120361
MAY,MELBANA ENERGY LIMITED,27/3/98,Energy,222433471
LOT,LOTUS RESOURCES LIMITED,18/2/09,Materials,221690743
88E,88 ENERGY LIMITED,20/1/00,Energy,221186550
HUM,HUMM GROUP LIMITED,12/12/06,Financial Services,217671136
TWR,TOWER LIMITED,28/9/99,Insurance,216305873
ANG,AUSTIN ENGINEERING LIMITED,9/3/04,Capital Goods,215835646
HFR,HIGHFIELD RESOURCES LIMITED,7/2/12,Materials,214808749
LGL,LYNCH GROUP HOLDINGS LIMITED,6/4/21,"Food, Beverage & Tobacco",212395035
ASM,AUSTRALIAN STRATEGIC MATERIALS LIMITED,30/7/20,Materials,211715638
VIT,VITURA HEALTH LIMITED,7/11/19,Health Care Equipment & Services,211482187
WQG,WCM GLOBAL GROWTH LIMITED,23/6/17,Not Applic,210613737
QVE,QV EQUITIES LIMITED,22/8/14,Not Applic,209903520
WMA,WAM ALTERNATIVE ASSETS LIMITED,16/6/14,Not Applic,209504264
MDX,MINDAX LIMITED,8/12/04,Materials,209271161
SXL,SOUTHERN CROSS MEDIA GROUP LIMITED,17/11/05,Media & Entertainment,209200151
BRI,BIG RIVER INDUSTRIES LIMITED,1/5/17,Materials,208367326
DUR,DURATEC LIMITED,4/11/20,Capital Goods,208365246
GNX,GENEX POWER LIMITED,8/7/15,Utilities,207776571
LGI,LGI LIMITED,4/10/22,Utilities,207490362
EXP,EXPERIENCE CO LIMITED,27/3/15,Consumer Services,207350940
D2O,DUXTON WATER LIMITED,16/9/16,Utilities,207314393
SVM,SOVEREIGN METALS LIMITED,22/1/07,Materials,207185010
LM8,LUNNON METALS LIMITED,16/6/21,Materials,206711135
KSL,KINA SECURITIES LIMITED,30/7/15,Banks,205159169
BMN,BANNERMAN ENERGY LTD,28/4/05,Energy,203941944
CLV,CLOVER CORPORATION LIMITED,30/11/99,Materials,203739196
GVF,GLOBAL VALUE FUND LIMITED,21/7/14,Not Applic,202863819
ACF,ACROW FORMWORK AND CONSTRUCTION SERVICES LIMITED,27/6/08,Capital Goods,201689893
CU6,CLARITY PHARMACEUTICALS LTD,25/8/21,"Pharmaceuticals, Biotechnology & Life Sciences",200433930
,,,,
,,,,
,,,,
,,,,
,,,,
,,,,
,,,,
,,,,
,,,,
,,,,
,,,,
,,,,
,,,,
,,,,
,,,,
,,,,
,,,,
,,,,
,,,,
,,,,
,,,,
,,,,
,,,,
,,,,
,,,,
,,,,
,,,,
,,,,
,,,,
,,,,
,,,,
,,,,
,,,,
,,,,
,,,,
,,,,
,,,,
,,,,
,,,,
,,,,
,,,,
,,,,
,,,,
,,,,
,,,,
,,,,
,,,,
,,,,
,,,,
,,,,
,,,,
,,,,
,,,,
,,,,
,,,,
,,,,
,,,,
,,,,
,,,,
,,,,
,,,,
,,,,
,,,,
,,,,
,,,,
,,,,
,,,,
,,,,
,,,,
,,,,
,,,,
,,,,
,,,,
,,,,
,,,,
,,,,
,,,,
,,,,
,,,,
,,,,
,,,,
,,,,
,,,,
,,,,
,,,,
,,,,
,,,,
,,,,
,,,,
,,,,
,,,,
,,,,
,,,,
,,,,
,,,,
,,,,
,,,,
,,,,
,,,,
,,,,
,,,,
,,,,
,,,,
,,,,
,,,,
,,,,
,,,,
,,,,
,,,,
,,,,
,,,,
,,,,
,,,,
,,,,
,,,,
,,,,
,,,,
,,,,
,,,,
,,,,
,,,,
,,,,
,,,,
,,,,
,,,,
,,,,
,,,,
,,,,
,,,,
,,,,
,,,,
,,,,
,,,,
,,,,
,,,,
,,,,
,,,,
,,,,
,,,,
,,,,
,,,,
,,,,
,,,,
,,,,
,,,,
,,,,
,,,,
,,,,
,,,,
,,,,
,,,,
,,,,
,,,,
,,,,
,,,,
,,,,
,,,,
,,,,
,,,,
,,,,
,,,,
,,,,
,,,,
,,,,
,,,,
,,,,
,,,,
,,,,
,,,,
,,,,
,,,,
,,,,
,,,,
,,,,
,,,,
,,,,
,,,,
,,,,
,,,,
,,,,
,,,,
,,,,
,,,,
,,,,
,,,,
,,,,
,,,,
,,,,
,,,,
,,,,
,,,,
,,,,
,,,,
,,,,
,,,,
,,,,
,,,,
,,,,
,,,,
,,,,
,,,,
,,,,
,,,,
,,,,
,,,,
,,,,
,,,,
,,,,
,,,,
,,,,
,,,,
,,,,
,,,,
,,,,
,,,,
,,,,
,,,,
,,,,
,,,,
,,,,
,,,,
,,,,
,,,,
,,,,
,,,,
,,,,
,,,,
,,,,
,,,,
,,,,
,,,,
,,,,
,,,,
,,,,
,,,,
,,,,
,,,,
,,,,
,,,,
,,,,
,,,,
,,,,
,,,,
,,,,
,,,,
,,,,
,,,,
,,,,
,,,,
,,,,
,,,,
,,,,
,,,,
,,,,
,,,,
,,,,
,,,,
,,,,
,,,,
,,,,
,,,,
,,,,
,,,,
,,,,
,,,,
,,,,
,,,,
,,,,
,,,,
,,,,
,,,,
,,,,
,,,,
,,,,
,,,,
,,,,
,,,,
,,,,
,,,,
,,,,
,,,,
,,,,
,,,,
,,,,
,,,,
,,,,
,,,,
,,,,
,,,,
,,,,
,,,,
,,,,
,,,,
,,,,
,,,,
,,,,
,,,,
,,,,
,,,,
,,,,
,,,,
,,,,
,,,,
,,,,
,,,,
,,,,
,,,,
,,,,
,,,,
,,,,
,,,,
,,,,
,,,,
,,,,
,,,,
,,,,
,,,,
,,,,
,,,,
,,,,
,,,,
,,,,
,,,,
,,,,
,,,,
,,,,
,,,,
,,,,
,,,,
,,,,
,,,,
,,,,
,,,,
,,,,
,,,,
,,,,
,,,,
,,,,
,,,,
,,,,
,,,,
,,,,
,,,,
,,,,
,,,,
,,,,
,,,,
,,,,
,,,,
,,,,
,,,,
,,,,
,,,,
,,,,
,,,,
,,,,
,,,,
,,,,
,,,,
,,,,
,,,,
,,,,
,,,,
,,,,
,,,,
,,,,
,,,,
,,,,
,,,,
,,,,
,,,,
,,,,
,,,,
,,,,
,,,,
,,,,
,,,,
,,,,
,,,,
,,,,
,,,,
,,,,
,,,,
,,,,
,,,,
,,,,
,,,,
,,,,
,,,,
,,,,
,,,,
,,,,
,,,,
,,,,
,,,,
,,,,
,,,,
,,,,
,,,,
,,,,
,,,,
,,,,
,,,,
,,,,
,,,,
,,,,
,,,,
,,,,
,,,,
,,,,
,,,,
,,,,
,,,,
,,,,
,,,,
,,,,
,,,,
,,,,
,,,,
,,,,
,,,,
,,,,
,,,,
,,,,
,,,,
,,,,
,,,,
,,,,
,,,,
,,,,
,,,,
,,,,
,,,,
,,,,
,,,,
,,,,
,,,,
,,,,
,,,,
,,,,
,,,,
,,,,
,,,,
,,,,
,,,,
,,,,
,,,,
,,,,
,,,,
,,,,
,,,,
,,,,
,,,,
,,,,
,,,,
,,,,
,,,,
,,,,
,,,,
,,,,
,,,,
,,,,
,,,,
,,,,
,,,,
,,,,
,,,,
,,,,
,,,,
,,,,
,,,,
,,,,
,,,,
,,,,
,,,,
,,,,
,,,,
,,,,
,,,,
,,,,
,,,,
,,,,
,,,,
,,,,
,,,,
,,,,
,,,,
,,,,
,,,,
,,,,
,,,,
,,,,
,,,,
,,,,
,,,,
,,,,
,,,,
,,,,
,,,,
,,,,
,,,,
,,,,
,,,,
,,,,
,,,,
,,,,
,,,,
,,,,
,,,,
,,,,
,,,,
,,,,
,,,,
,,,,
,,,,
,,,,
,,,,
,,,,
,,,,
,,,,
,,,,
,,,,
,,,,
,,,,
,,,,
,,,,
,,,,
,,,,
,,,,
,,,,
,,,,
,,,,
,,,,
,,,,
,,,,
,,,,
,,,,
,,,,
,,,,
,,,,
,,,,
,,,,
,,,,
,,,,
,,,,
,,,,
,,,,
,,,,
,,,,
,,,,
,,,,
,,,,
,,,,
,,,,
,,,,
,,,,
,,,,
,,,,
,,,,
,,,,
,,,,
,,,,
,,,,
,,,,
,,,,
,,,,
,,,,
,,,,
,,,,
,,,,
,,,,
,,,,
,,,,
,,,,
,,,,
,,,,
,,,,
,,,,
,,,,
,,,,
,,,,
,,,,
,,,,
,,,,
,,,,
,,,,
,,,,
,,,,
,,,,
,,,,
,,,,
,,,,
,,,,
,,,,
,,,,
,,,,
,,,,
,,,,
,,,,
,,,,
,,,,
,,,,
,,,,
,,,,
,,,,
,,,,
,,,,
,,,,
,,,,
,,,,
,,,,
,,,,
,,,,
,,,,
,,,,
,,,,
,,,,
,,,,
,,,,
,,,,
,,,,
,,,,
,,,,
,,,,
,,,,
,,,,
,,,,
,,,,
,,,,
,,,,
,,,,
,,,,
,,,,
,,,,
,,,,
,,,,
,,,,
,,,,
,,,,
,,,,
,,,,
,,,,
,,,,
,,,,
,,,,
,,,,
,,,,
,,,,
,,,,
,,,,
,,,,
,,,,
,,,,
,,,,
,,,,
,,,,
,,,,
,,,,
,,,,
,,,,
,,,,
,,,,
,,,,
,,,,
,,,,
,,,,
,,,,
,,,,
,,,,
,,,,
,,,,
,,,,
,,,,
,,,,
,,,,
,,,,
,,,,
,,,,
,,,,
,,,,
,,,,
,,,,
,,,,
,,,,
,,,,
,,,,
,,,,
,,,,
,,,,
,,,,
,,,,
,,,,
,,,,
,,,,
,,,,
,,,,
,,,,
,,,,
,,,,
,,,,
,,,,
,,,,
,,,,
,,,,
,,,,
,,,,
,,,,
,,,,
,,,,
,,,,
,,,,
,,,,
,,,,
,,,,
,,,,
,,,,
,,,,
,,,,
,,,,
,,,,
,,,,
,,,,
,,,,
,,,,
,,,,
,,,,
,,,,
,,,,
,,,,
,,,,
,,,,
,,,,
,,,,
,,,,
,,,,
,,,,
,,,,
,,,,
,,,,
,,,,
,,,,
,,,,
,,,,
,,,,
,,,,
,,,,
,,,,
,,,,
,,,,
,,,,
,,,,
,,,,
,,,,
,,,,
,,,,
,,,,
,,,,
,,,,
,,,,
,,,,
,,,,
,,,,
,,,,
,,,,
,,,,
,,,,
,,,,
,,,,
,,,,
,,,,
,,,,
,,,,
,,,,
,,,,
,,,,
,,,,
,,,,
,,,,
,,,,
,,,,
,,,,
,,,,
,,,,
,,,,
,,,,
,,,,
,,,,
,,,,
,,,,
,,,,
,,,,
,,,,
,,,,
,,,,
,,,,
,,,,
,,,,
,,,,
,,,,
,,,,
,,,,
,,,,
,,,,
,,,,
,,,,
,,,,
,,,,
,,,,
,,,,
,,,,
,,,,
,,,,
,,,,
,,,,
,,,,
,,,,
,,,,
,,,,
,,,,
,,,,
,,,,
,,,,
,,,,
,,,,
,,,,
,,,,
,,,,
,,,,
,,,,
,,,,
,,,,
,,,,
,,,,
,,,,
,,,,
,,,,
,,,,
,,,,
,,,,
,,,,
,,,,
,,,,
,,,,
,,,,
,,,,
,,,,
,,,,
,,,,
,,,,
,,,,
,,,,
,,,,
,,,,
,,,,
,,,,
,,,,
,,,,
,,,,
,,,,
,,,,
,,,,
,,,,
,,,,
,,,,
,,,,
,,,,
,,,,
,,,,
,,,,
,,,,
,,,,
,,,,
,,,,
,,,,
,,,,
,,,,
,,,,
,,,,
,,,,
,,,,
,,,,
,,,,
,,,,
,,,,
,,,,
,,,,
,,,,
,,,,
,,,,
,,,,
,,,,
,,,,
,,,,
,,,,
,,,,
,,,,
,,,,
,,,,
,,,,
,,,,
,,,,
,,,,
,,,,
,,,,
,,,,
,,,,
,,,,
,,,,
,,,,
,,,,
,,,,
,,,,
,,,,
,,,,
,,,,
,,,,
,,,,
,,,,
,,,,
,,,,
,,,,
,,,,
,,,,
,,,,
,,,,
,,,,
,,,,
,,,,
,,,,
,,,,
,,,,
,,,,
,,,,
,,,,
,,,,
,,,,
,,,,
,,,,
,,,,
,,,,
,,,,
,,,,
,,,,
,,,,
,,,,
,,,,
,,,,
,,,,
,,,,
,,,,
,,,,
,,,,
,,,,
,,,,
,,,,
,,,,
,,,,
,,,,
,,,,
,,,,
,,,,
,,,,
,,,,
,,,,
,,,,
,,,,
,,,,
,,,,
,,,,
,,,,
,,,,
,,,,
,,,,
,,,,
,,,,
,,,,
,,,,
,,,,
,,,,
,,,,
,,,,
,,,,
,,,,
,,,,
,,,,
,,,,
,,,,
,,,,
,,,,
,,,,
,,,,
,,,,
,,,,
,,,,
,,,,
,,,,
,,,,
,,,,
,,,,
,,,,
,,,,
,,,,
,,,,
,,,,
,,,,
,,,,
,,,,
,,,,
,,,,
,,,,
,,,,
,,,,
,,,,
,,,,
,,,,
,,,,
,,,,
,,,,
,,,,
,,,,
,,,,
,,,,
,,,,
,,,,
,,,,
,,,,
,,,,
,,,,
,,,,
,,,,
,,,,
,,,,
,,,,
,,,,
,,,,
,,,,
,,,,
,,,,
,,,,
,,,,
,,,,
,,,,
,,,,
,,,,
,,,,
,,,,
,,,,
,,,,
,,,,
,,,,
,,,,
,,,,
,,,,
,,,,
,,,,
,,,,
,,,,
,,,,
,,,,
,,,,
,,,,
,,,,
,,,,
,,,,
,,,,
,,,,
,,,,
,,,,
,,,,
,,,,
,,,,
,,,,
,,,,
,,,,
,,,,
,,,,
,,,,
,,,,
,,,,
,,,,
,,,,
,,,,
,,,,
,,,,
,,,,
,,,,
,,,,
,,,,
,,,,
,,,,
,,,,
,,,,
,,,,
,,,,
,,,,
,,,,
,,,,
,,,,
,,,,
,,,,
,,,,
,,,,
,,,,
,,,,
,,,,
,,,,
,,,,
,,,,
,,,,
,,,,
,,,,
,,,,
,,,,
,,,,
,,,,
,,,,
,,,,
,,,,
,,,,
,,,,
,,,,
,,,,
,,,,
,,,,
,,,,
,,,,
,,,,
,,,,
,,,,
,,,,
,,,,
,,,,
,,,,
,,,,
,,,,
,,,,
,,,,
,,,,
,,,,
,,,,
,,,,
,,,,
,,,,
,,,,
,,,,
,,,,
,,,,
,,,,
,,,,
,,,,
,,,,
,,,,
,,,,
,,,,
,,,,
,,,,
,,,,
,,,,
,,,,
,,,,
,,,,
,,,,
,,,,
,,,,
,,,,
,,,,
,,,,
,,,,
,,,,
,,,,
,,,,
,,,,
,,,,
,,,,
,,,,
,,,,
,,,,
,,,,
,,,,
,,,,
,,,,
,,,,
,,,,
,,,,
,,,,
,,,,
,,,,
,,,,
,,,,
,,,,
,,,,
,,,,
,,,,
,,,,
,,,,
,,,,
,,,,
,,,,
,,,,
,,,,
,,,,
,,,,
,,,,
,,,,
,,,,
,,,,
,,,,
,,,,
,,,,
,,,,
,,,,
,,,,
,,,,
,,,,
,,,,
,,,,
,,,,
,,,,
,,,,
,,,,
,,,,
,,,,
,,,,
,,,,
,,,,
,,,,
,,,,
,,,,
,,,,
,,,,
,,,,
,,,,
,,,,
,,,,
,,,,
,,,,
,,,,
,,,,
,,,,
,,,,
,,,,
,,,,
,,,,
,,,,
,,,,
,,,,
,,,,
,,,,
,,,,
,,,,
,,,,
,,,,
,,,,
,,,,
,,,,
,,,,
,,,,
,,,,
,,,,
,,,,
,,,,
,,,,
,,,,
,,,,
,,,,
,,,,
,,,,
,,,,
,,,,
,,,,
,,,,
,,,,
,,,,
,,,,
,,,,
,,,,
,,,,
,,,,
,,,,
,,,,
,,,,
,,,,
,,,,
,,,,
,,,,
,,,,
,,,,
,,,,
,,,,
,,,,
,,,,
,,,,
,,,,
,,,,
,,,,
,,,,
,,,,
,,,,
,,,,
,,,,
,,,,
,,,,
,,,,
,,,,
,,,,
,,,,
,,,,
,,,,
,,,,
,,,,
,,,,
,,,,
,,,,
,,,,
,,,,
,,,,
,,,,
,,,,
,,,,
,,,,
,,,,
,,,,
,,,,
,,,,
,,,,
,,,,
,,,,
,,,,
,,,,
,,,,
,,,,
,,,,
,,,,
,,,,
,,,,
,,,,
,,,,
,,,,
,,,,
,,,,
,,,,
,,,,
,,,,
,,,,
,,,,
,,,,
,,,,
,,,,
,,,,
,,,,
,,,,
,,,,
,,,,
,,,,
,,,,
,,,,
,,,,
,,,,
,,,,
,,,,
,,,,
,,,,
,,,,
,,,,
,,,,
,,,,
,,,,
,,,,
,,,,
,,,,
,,,,
,,,,
,,,,
,,,,
,,,,
,,,,
,,,,
,,,,
,,,,
,,,,
,,,,
,,,,
,,,,
,,,,
,,,,
,,,,
,,,,
,,,,
,,,,
,,,,
,,,,
,,,,
,,,,
,,,,
,,,,
,,,,
,,,,
,,,,
,,,,
,,,,
,,,,
,,,,
,,,,
,,,,
,,,,
,,,,
,,,,
,,,,
,,,,
,,,,
,,,,
,,,,
,,,,
,,,,
,,,,
,,,,
,,,,
,,,,
,,,,
,,,,
,,,,
,,,,
,,,,
,,,,
,,,,
,,,,
,,,,
,,,,
,,,,
,,,,
,,,,
,,,,
,,,,
,,,,
,,,,
,,,,
,,,,
,,,,
,,,,
,,,,
,,,,
,,,,
,,,,
,,,,
,,,,
,,,,
,,,,